Block,genotype,antibiotics,exposure,21,30,45,54,69,78,93,102,117,126,141,150,165,174,Condition
2,Black,no_antibiotics,healthy,0,0,0,0,0,0,0,0,0,0,0,0,0,0,H
2,Blue,no_antibiotics,healthy,0,0,0,0,0,0,0,0,0,0,0,0,0,0,H
2,Green,no_antibiotics,healthy,0,0,0,0,0,1,1,1,1,1,1,1,1,1,WBD
2,Grey,no_antibiotics,healthy,0,0,0,0,0,0,0,0,0,0,0,0,0,0,H
2,Neon,no_antibiotics,healthy,0,0,0,0,0,0,0,0,0,0,0,0,0,0,H
2,Orange,no_antibiotics,healthy,0,0,0,0,0,0,0,0,0,0,0,0,0,0,H
2,Pink,no_antibiotics,healthy,0,0,0,0,0,0,0,0,0,0,0,0,0,0,H
2,Purple,no_antibiotics,healthy,0,0,0,0,0,0,0,0,0,0,0,0,0,0,H
2,Red,no_antibiotics,healthy,0,0,0,0,0,0,0,0,0,0,0,0,0,0,H
2,Yellow,no_antibiotics,healthy,0,0,0,0,0,0,0,0,0,0,0,0,0,0,H
3,Black,no_antibiotics,healthy,0,0,0,0,0,0,0,0,0,0,0,0,0,0,H
3,Blue,no_antibiotics,healthy,0,0,0,0,0,0,0,0,0,0,0,0,0,0,H
3,Grey,no_antibiotics,healthy,0,0,0,0,0,0,0,0,0,0,0,0,0,0,H
3,Neon,no_antibiotics,healthy,0,0,0,0,0,0,0,0,0,0,0,0,0,0,H
3,Pink,no_antibiotics,healthy,0,0,0,0,0,0,0,0,0,0,0,0,0,0,H
3,Purple,no_antibiotics,healthy,0,0,0,0,0,0,0,0,0,0,1,1,1,1,WBD
3,Red,no_antibiotics,healthy,0,0,0,0,0,0,0,0,0,0,0,0,0,0,H
4,Black,no_antibiotics,healthy,0,0,0,0,0,0,0,0,0,0,0,0,0,0,H
4,Blue,no_antibiotics,healthy,0,0,0,0,0,0,0,0,0,0,0,0,0,0,H
4,Green,no_antibiotics,healthy,0,0,0,0,0,0,0,0,0,0,0,0,0,0,H
4,Grey,no_antibiotics,healthy,0,0,0,0,0,0,0,0,0,0,0,0,0,0,H
4,Neon,no_antibiotics,healthy,0,0,0,0,0,0,0,0,0,0,0,0,0,0,H
4,Orange,no_antibiotics,healthy,0,0,0,0,0,0,0,0,0,0,0,0,0,0,H
4,Pink,no_antibiotics,healthy,0,0,0,0,0,0,0,0,0,0,0,0,0,0,H
4,Purple,no_antibiotics,healthy,0,0,0,0,0,0,0,0,0,0,0,0,0,0,H
4,Red,no_antibiotics,healthy,0,0,0,0,0,0,0,0,0,0,0,0,0,0,H
4,Yellow,no_antibiotics,healthy,0,0,0,0,0,0,0,0,0,0,0,0,0,0,H
5,Black,no_antibiotics,healthy,0,0,0,0,0,0,0,0,0,0,0,0,0,0,H
5,Blue,no_antibiotics,healthy,0,0,0,0,0,0,0,0,0,0,0,0,0,0,H
5,Green,no_antibiotics,healthy,0,0,0,0,0,0,0,0,0,0,0,0,0,0,H
5,Grey,no_antibiotics,healthy,0,0,0,0,0,0,0,0,0,0,0,0,0,0,H
5,Neon,no_antibiotics,healthy,0,0,0,0,0,0,0,0,0,0,0,0,0,0,H
5,Orange,no_antibiotics,healthy,0,0,0,0,0,0,0,0,0,0,0,0,0,0,H
5,Pink,no_antibiotics,healthy,0,0,0,0,0,0,0,0,0,0,0,0,0,0,H
5,Purple,no_antibiotics,healthy,0,0,0,0,0,0,0,0,0,0,0,0,0,0,H
5,Red,no_antibiotics,healthy,0,0,0,0,0,0,0,0,0,0,0,0,0,0,H
5,Yellow,no_antibiotics,healthy,0,0,0,0,0,0,0,0,0,0,0,0,0,0,H
1,Black,no_antibiotics,disease,0,0,0,0,0,0,0,0,0,0,0,0,0,0,H
1,Blue,no_antibiotics,disease,0,0,0,0,0,0,0,0,0,0,0,0,0,0,H
1,Green,no_antibiotics,disease,0,0,0,1,1,1,1,1,1,1,1,1,1,1,WBD
1,Grey,no_antibiotics,disease,0,0,0,0,0,0,0,0,0,0,1,1,1,1,WBD
1,Neon,no_antibiotics,disease,0,0,0,0,0,0,0,0,0,1,1,1,1,1,WBD
1,Orange,no_antibiotics,disease,0,0,0,0,1,1,1,1,1,1,1,1,1,1,WBD
1,Pink,no_antibiotics,disease,0,0,0,0,0,0,0,0,0,0,0,0,0,0,H
1,Purple,no_antibiotics,disease,0,0,0,0,0,0,0,0,0,0,0,0,0,0,H
1,Red,no_antibiotics,disease,0,0,0,0,1,1,1,1,1,1,1,1,1,1,WBD
1,Yellow,no_antibiotics,disease,0,0,1,1,1,1,1,1,1,1,1,1,1,1,WBD
2,Black,no_antibiotics,disease,0,0,0,0,0,0,0,0,0,0,0,0,0,0,H
2,Blue,no_antibiotics,disease,0,0,0,0,0,0,0,0,0,0,0,0,0,0,H
2,Green,no_antibiotics,disease,0,0,0,0,0,0,0,0,0,0,0,0,0,0,H
2,Grey,no_antibiotics,disease,0,0,0,0,0,0,0,0,0,0,0,0,0,0,H
2,Neon,no_antibiotics,disease,0,0,0,0,0,0,0,0,0,0,0,0,0,0,H
2,Orange,no_antibiotics,disease,0,0,0,0,0,0,0,0,0,0,0,0,0,0,H
2,Pink,no_antibiotics,disease,0,0,0,0,0,0,0,0,0,0,0,0,0,0,H
2,Purple,no_antibiotics,disease,0,0,0,0,0,0,0,0,0,0,0,0,0,0,H
2,Red,no_antibiotics,disease,0,0,0,1,1,1,1,1,1,1,1,1,1,1,WBD
2,Yellow,no_antibiotics,disease,1,1,1,1,1,1,1,1,1,1,1,1,1,1,WBD
3,Black,no_antibiotics,disease,0,0,0,0,0,0,0,0,0,0,0,0,0,0,H
3,Blue,no_antibiotics,disease,0,0,0,0,0,0,0,0,0,0,0,0,0,0,H
3,Green,no_antibiotics,disease,0,0,0,0,0,0,0,0,0,0,0,0,0,0,H
3,Grey,no_antibiotics,disease,0,0,0,0,0,0,0,0,0,0,0,0,0,0,H
3,Neon,no_antibiotics,disease,0,0,0,0,0,0,0,0,0,0,0,0,0,0,H
3,Orange,no_antibiotics,disease,0,0,0,0,0,0,0,0,0,0,0,0,0,0,H
3,Pink,no_antibiotics,disease,0,0,0,0,0,0,0,0,0,0,0,0,0,0,H
3,Purple,no_antibiotics,disease,0,0,0,0,0,0,0,0,0,0,0,0,0,0,H
3,Red,no_antibiotics,disease,0,0,0,0,0,0,0,0,0,0,0,0,0,0,H
3,Yellow,no_antibiotics,disease,0,0,0,0,0,0,0,0,0,0,0,0,0,0,H
4,Black,no_antibiotics,disease,0,0,0,0,0,0,0,0,0,0,0,0,0,0,H
4,Blue,no_antibiotics,disease,0,0,0,0,0,0,0,0,0,0,0,0,0,0,H
4,Green,no_antibiotics,disease,0,0,0,0,0,0,0,0,0,0,0,0,0,0,H
4,Grey,no_antibiotics,disease,0,0,0,0,0,0,0,0,0,0,0,0,0,0,H
4,Neon,no_antibiotics,disease,0,0,0,0,0,0,0,0,0,0,0,0,0,0,H
4,Orange,no_antibiotics,disease,0,0,0,0,0,0,0,0,0,0,0,0,0,0,H
4,Pink,no_antibiotics,disease,0,0,0,0,0,0,0,0,0,0,0,0,0,0,H
4,Purple,no_antibiotics,disease,0,0,0,0,0,0,0,0,0,0,0,0,0,0,H
4,Red,no_antibiotics,disease,0,0,0,0,0,0,0,0,0,0,0,0,0,0,H
4,Yellow,no_antibiotics,disease,0,0,0,0,0,0,0,0,0,0,0,0,0,0,H
5,Black,no_antibiotics,disease,0,0,0,0,0,0,0,0,0,0,0,0,0,0,H
5,Blue,no_antibiotics,disease,0,0,0,0,0,0,1,1,1,1,1,1,1,1,WBD
5,Green,no_antibiotics,disease,1,0,0,0,0,0,0,0,0,0,0,0,0,0,H
5,Grey,no_antibiotics,disease,0,0,0,0,0,1,1,1,1,1,1,1,1,1,WBD
5,Neon,no_antibiotics,disease,0,0,0,0,0,0,0,0,0,0,0,0,0,0,H
5,Orange,no_antibiotics,disease,0,1,1,1,1,1,1,1,1,1,1,1,1,1,WBD
5,Pink,no_antibiotics,disease,0,0,0,0,0,0,0,0,0,0,0,0,0,0,H
5,Purple,no_antibiotics,disease,0,0,0,0,0,0,0,0,0,0,0,0,0,0,H
5,Red,no_antibiotics,disease,0,0,0,1,1,1,1,1,1,1,1,1,1,1,WBD
5,Yellow,no_antibiotics,disease,0,0,0,0,0,0,0,0,0,0,0,0,0,0,H
1,Black,plus_antibiotics,healthy,0,0,0,0,0,0,0,0,0,0,0,0,0,0,H
1,Blue,plus_antibiotics,healthy,0,0,0,0,0,0,0,0,0,0,0,0,0,0,H
1,Green,plus_antibiotics,healthy,0,0,0,0,0,0,0,0,0,0,0,0,0,0,H
1,Grey,plus_antibiotics,healthy,0,0,0,0,0,0,0,0,0,0,0,0,0,0,H
1,Neon,plus_antibiotics,healthy,0,0,0,0,0,0,0,0,0,0,0,0,0,0,H
1,Orange,plus_antibiotics,healthy,0,0,0,0,0,0,0,0,0,0,0,0,0,0,H
1,Pink,plus_antibiotics,healthy,0,0,0,0,0,0,0,0,0,0,0,0,0,0,H
1,Purple,plus_antibiotics,healthy,0,0,0,0,0,0,0,0,0,0,0,0,0,0,H
1,Red,plus_antibiotics,healthy,0,0,0,0,0,0,0,0,0,0,0,0,0,0,H
1,Yellow,plus_antibiotics,healthy,0,0,0,0,0,0,0,0,0,0,0,0,0,0,H
2,Black,plus_antibiotics,healthy,0,0,0,0,0,0,0,0,0,0,0,0,0,0,H
2,Blue,plus_antibiotics,healthy,0,0,0,0,0,0,0,0,0,0,0,0,0,0,H
2,Green,plus_antibiotics,healthy,0,0,0,0,0,0,0,0,0,0,0,0,0,0,H
2,Grey,plus_antibiotics,healthy,0,0,0,0,0,0,0,0,0,0,0,0,0,0,H
2,Neon,plus_antibiotics,healthy,0,0,0,0,0,0,0,0,0,0,0,0,0,0,H
2,Orange,plus_antibiotics,healthy,0,0,0,0,0,0,0,0,0,0,0,0,0,0,H
2,Pink,plus_antibiotics,healthy,0,0,0,0,0,0,0,0,0,0,0,0,0,0,H
2,Purple,plus_antibiotics,healthy,0,0,0,0,0,0,0,0,0,0,0,0,0,0,H
2,Red,plus_antibiotics,healthy,0,0,0,0,0,0,0,0,0,0,0,0,0,0,H
2,Yellow,plus_antibiotics,healthy,0,0,0,0,0,0,0,0,0,0,0,0,0,0,H
3,Black,plus_antibiotics,healthy,0,0,0,0,0,0,0,0,0,0,0,0,0,0,H
3,Blue,plus_antibiotics,healthy,0,0,0,0,0,0,0,0,0,0,0,0,0,0,H
3,Green,plus_antibiotics,healthy,0,0,0,0,0,0,0,0,0,0,0,0,0,0,H
3,Grey,plus_antibiotics,healthy,0,0,0,0,0,0,0,0,0,0,0,0,0,0,H
3,Neon,plus_antibiotics,healthy,0,0,0,0,0,0,0,0,0,0,0,0,0,0,H
3,Orange,plus_antibiotics,healthy,0,0,0,0,0,0,0,0,0,0,0,0,0,0,H
3,Pink,plus_antibiotics,healthy,0,0,0,0,0,0,0,0,0,0,0,0,0,0,H
3,Purple,plus_antibiotics,healthy,0,0,0,0,0,0,0,0,0,0,0,0,0,0,H
3,Red,plus_antibiotics,healthy,0,0,0,0,0,0,0,0,0,0,0,0,0,0,H
3,Yellow,plus_antibiotics,healthy,0,0,0,0,0,0,0,0,0,0,0,0,0,0,H
4,Black,plus_antibiotics,healthy,0,0,0,0,0,0,0,0,0,0,0,0,0,0,H
4,Blue,plus_antibiotics,healthy,0,0,0,0,0,0,0,0,0,0,0,0,0,0,H
4,Green,plus_antibiotics,healthy,0,0,0,0,0,0,0,0,0,0,0,0,0,0,H
4,Grey,plus_antibiotics,healthy,0,0,0,0,0,0,0,0,0,0,0,0,0,0,H
4,Neon,plus_antibiotics,healthy,0,0,0,0,0,0,0,0,0,0,0,0,0,0,H
4,Orange,plus_antibiotics,healthy,0,0,0,0,0,0,0,0,0,0,0,0,0,0,H
4,Pink,plus_antibiotics,healthy,0,0,0,0,0,0,0,0,0,0,0,0,0,0,H
4,Purple,plus_antibiotics,healthy,0,0,0,0,0,0,0,0,0,0,0,0,0,0,H
4,Red,plus_antibiotics,healthy,0,0,0,0,0,0,0,0,0,0,0,0,0,0,H
4,Yellow,plus_antibiotics,healthy,0,0,0,0,0,0,0,0,0,0,0,0,0,0,H
5,Black,plus_antibiotics,healthy,0,0,0,0,0,0,0,0,0,0,0,0,0,0,H
5,Blue,plus_antibiotics,healthy,0,0,0,0,0,0,0,0,0,0,0,0,0,0,H
5,Green,plus_antibiotics,healthy,0,0,0,0,0,0,0,0,0,0,0,0,0,0,H
5,Grey,plus_antibiotics,healthy,0,0,0,0,0,0,0,0,0,0,0,0,0,0,H
5,Neon,plus_antibiotics,healthy,0,0,0,0,0,0,0,0,0,0,0,0,0,0,H
5,Orange,plus_antibiotics,healthy,0,0,0,0,0,0,0,0,0,0,0,0,0,0,H
5,Pink,plus_antibiotics,healthy,0,0,0,0,0,0,0,0,0,0,0,0,0,0,H
5,Purple,plus_antibiotics,healthy,0,0,0,0,0,0,0,0,0,0,0,0,0,0,H
5,Red,plus_antibiotics,healthy,0,0,0,0,0,0,0,0,0,0,0,0,0,0,H
5,Yellow,plus_antibiotics,healthy,0,0,0,0,0,0,0,0,0,0,0,0,0,0,H
1,Black,plus_antibiotics,disease,0,0,0,0,0,0,0,0,0,0,0,0,0,0,H
1,Blue,plus_antibiotics,disease,0,0,0,0,0,0,0,0,0,0,0,0,0,0,H
1,Green,plus_antibiotics,disease,0,0,0,0,0,0,0,0,0,0,0,0,0,0,H
1,Grey,plus_antibiotics,disease,0,0,0,0,0,0,0,0,0,0,0,0,0,0,H
1,Neon,plus_antibiotics,disease,0,0,0,0,0,0,0,0,0,0,0,0,0,0,H
1,Orange,plus_antibiotics,disease,0,0,0,0,0,0,0,0,0,0,0,0,0,0,H
1,Pink,plus_antibiotics,disease,0,0,0,0,0,0,0,0,0,0,0,0,0,0,H
1,Purple,plus_antibiotics,disease,0,0,0,0,0,0,0,0,0,0,0,0,0,0,H
1,Red,plus_antibiotics,disease,0,0,0,0,0,0,0,0,0,0,0,0,0,0,H
1,Yellow,plus_antibiotics,disease,0,0,0,0,0,0,0,0,0,0,0,0,0,0,H
2,Black,plus_antibiotics,disease,0,0,0,0,0,0,0,0,0,0,0,0,0,0,H
2,Blue,plus_antibiotics,disease,0,0,0,0,0,0,0,0,0,0,0,0,0,0,H
2,Green,plus_antibiotics,disease,0,0,0,0,0,0,0,0,0,0,0,0,0,0,H
2,Grey,plus_antibiotics,disease,0,0,0,0,0,0,0,0,0,0,0,0,0,0,H
2,Neon,plus_antibiotics,disease,0,0,0,0,0,0,0,0,0,0,0,0,0,0,H
2,Orange,plus_antibiotics,disease,0,0,0,0,0,0,0,0,0,0,0,0,0,0,H
2,Pink,plus_antibiotics,disease,0,0,0,0,0,0,0,0,0,0,0,0,0,0,H
2,Purple,plus_antibiotics,disease,0,0,0,0,0,0,0,0,0,0,0,0,0,0,H
2,Red,plus_antibiotics,disease,0,0,0,0,0,0,0,0,0,0,0,0,0,0,H
2,Yellow,plus_antibiotics,disease,0,0,0,0,0,0,0,0,0,0,0,0,0,0,H
3,Black,plus_antibiotics,disease,0,0,0,0,0,0,0,0,0,0,0,0,0,0,H
3,Blue,plus_antibiotics,disease,0,0,0,0,0,0,0,0,0,0,0,0,0,0,H
3,Green,plus_antibiotics,disease,0,0,0,0,0,0,0,0,0,0,0,0,0,0,H
3,Grey,plus_antibiotics,disease,0,0,0,0,0,0,0,0,0,0,0,0,0,0,H
3,Neon,plus_antibiotics,disease,0,0,0,0,0,0,0,0,0,0,0,0,0,0,H
3,Orange,plus_antibiotics,disease,0,0,0,0,0,0,0,0,0,0,0,0,0,0,H
3,Pink,plus_antibiotics,disease,0,0,0,0,0,0,0,0,0,0,0,0,0,0,H
3,Purple,plus_antibiotics,disease,0,0,0,0,0,0,0,0,0,0,0,0,0,0,H
3,Red,plus_antibiotics,disease,0,0,0,0,0,0,0,0,0,0,0,0,0,0,H
3,Yellow,plus_antibiotics,disease,0,0,0,0,0,0,0,0,0,0,1,1,1,1,WBD
4,Black,plus_antibiotics,disease,0,0,0,0,0,0,0,0,0,0,0,0,0,0,H
4,Blue,plus_antibiotics,disease,0,0,0,0,0,0,0,0,0,0,0,0,0,0,H
4,Green,plus_antibiotics,disease,0,0,0,0,0,0,0,0,0,0,0,0,0,0,H
4,Grey,plus_antibiotics,disease,0,0,0,0,0,0,0,0,0,0,0,0,0,0,H
4,Neon,plus_antibiotics,disease,0,0,0,0,0,0,0,0,0,0,0,0,0,0,H
4,Orange,plus_antibiotics,disease,0,0,0,0,0,0,0,0,0,0,0,0,1,1,WBD
4,Pink,plus_antibiotics,disease,0,0,0,0,0,0,0,0,0,0,0,0,0,0,H
4,Purple,plus_antibiotics,disease,0,0,0,0,0,0,0,0,0,0,0,0,0,0,H
4,Red,plus_antibiotics,disease,0,0,0,0,0,0,0,0,0,0,0,0,0,0,H
4,Yellow,plus_antibiotics,disease,0,0,0,0,0,0,0,0,0,0,0,1,1,1,WBD
5,Black,plus_antibiotics,disease,0,0,0,0,0,0,0,0,0,0,0,0,0,0,H
5,Blue,plus_antibiotics,disease,0,0,0,0,0,0,0,0,0,0,0,0,0,0,H
5,Green,plus_antibiotics,disease,0,0,0,0,0,0,0,0,0,0,0,0,0,0,H
5,Grey,plus_antibiotics,disease,0,0,0,0,0,0,0,0,0,0,0,0,0,0,H
5,Neon,plus_antibiotics,disease,0,0,0,0,0,0,0,0,0,0,0,0,0,0,H
5,Orange,plus_antibiotics,disease,0,0,0,0,0,0,0,0,0,0,0,0,0,0,H
5,Pink,plus_antibiotics,disease,0,0,0,0,0,0,0,0,0,0,0,0,0,0,H
5,Purple,plus_antibiotics,disease,0,0,0,0,0,0,0,0,0,0,0,0,0,0,H
5,Red,plus_antibiotics,disease,0,0,0,0,0,0,0,0,0,0,1,1,1,1,WBD
5,Yellow,plus_antibiotics,disease,0,0,0,0,0,0,0,0,0,0,0,0,0,0,H